nanbield-2023-08-no-ff-with-reg-cpu-pressure-1K-no-swap-3-fetch;0.0;0.0;0.0;
nanbield-2023-08-no-ff-with-reg-cpu-pressure-1K-no-swap-3-fetch;11931.2;106060.5;0.0;
nanbield-2023-08-no-ff-with-reg-cpu-pressure-1K-no-swap-3-fetch;0.0;310553.1;0.0;
nanbield-2023-08-no-ff-with-reg-cpu-pressure-1K-no-swap-3-fetch;2324.9;60570.5;0.0;
nanbield-2023-08-no-ff-with-reg-cpu-pressure-1K-no-swap-3-fetch;999.3;0.0;0.0;
nanbield-2023-08-no-ff-with-reg-cpu-pressure-1K-no-swap-3-fetch;1642.3;18443.3;0.0;
nanbield-2023-08-no-ff-with-reg-cpu-pressure-1K-no-swap-3-fetch;763.8;0.0;0.0;
nanbield-2023-08-no-ff-with-reg-cpu-pressure-1K-no-swap-3-fetch;1166.7;0.0;0.0;
nanbield-2023-08-no-ff-with-reg-cpu-pressure-1K-no-swap-3-fetch;0.0;0.0;0.0;
nanbield-2023-08-no-ff-with-reg-cpu-pressure-1K-no-swap-3-fetch;8770.2;69670.7;0.0;
nanbield-2023-08-no-ff-with-reg-cpu-pressure-1K-no-swap-3-fetch;892.7;0.0;0.0;
nanbield-2023-08-no-ff-with-reg-cpu-pressure-1K-no-swap-3-fetch;1393.4;0.0;0.0;
nanbield-2023-08-no-ff-with-reg-cpu-pressure-1K-no-swap-3-fetch;0.0;0.0;0.0;
nanbield-2023-08-no-ff-with-reg-cpu-pressure-1K-no-swap-3-fetch;1352.1;0.0;0.0;
nanbield-2023-08-no-ff-with-reg-cpu-pressure-1K-no-swap-3-fetch;881.3;0.0;0.0;
nanbield-2023-08-no-ff-with-reg-cpu-pressure-1K-no-swap-3-fetch;1779.4;46473.3;0.0;
nanbield-2023-08-no-ff-with-reg-cpu-pressure-1K-no-swap-3-fetch;0.0;0.0;0.0;
nanbield-2023-08-no-ff-with-reg-cpu-pressure-1K-no-swap-3-fetch;1645.6;0.0;0.0;
nanbield-2023-08-no-ff-with-reg-cpu-pressure-1K-no-swap-3-fetch;923.8;0.0;0.0;
nanbield-2023-08-no-ff-with-reg-cpu-pressure-1K-no-swap-3-fetch;1835.1;14513.3;0.0;
nanbield-2023-08-no-ff-with-reg-cpu-pressure-1K-no-swap-3-fetch;775.4;0.0;0.0;
nanbield-2023-08-no-ff-with-reg-cpu-pressure-1K-no-swap-3-fetch;1158.9;19446.7;0.0;
nanbield-2023-08-no-ff-with-reg-cpu-pressure-1K-no-swap-3-fetch;820.8;0.0;0.0;
nanbield-2023-08-no-ff-with-reg-cpu-pressure-1K-no-swap-3-fetch;1446.1;16707.4;0.0;
nanbield-2023-08-no-ff-with-reg-cpu-pressure-1K-no-swap-3-fetch;0.0;0.0;0.0;
nanbield-2023-08-no-ff-with-reg-cpu-pressure-1K-no-swap-3-fetch;1504.9;9654.4;0.0;
nanbield-2023-08-no-ff-with-reg-cpu-pressure-1K-no-swap-3-fetch;0.0;0.0;0.0;
nanbield-2023-08-no-ff-with-reg-cpu-pressure-1K-no-swap-3-fetch;1682.9;0.0;0.0;
nanbield-2023-08-no-ff-with-reg-cpu-pressure-1K-no-swap-3-fetch;984.4;0.0;0.0;
nanbield-2023-08-no-ff-with-reg-cpu-pressure-1K-no-swap-3-fetch;1287.0;0.0;0.0;
nanbield-2023-08-no-ff-with-reg-cpu-pressure-1K-no-swap-3-fetch;957.7;0.0;0.0;
nanbield-2023-08-no-ff-with-reg-cpu-pressure-1K-no-swap-3-fetch;3310.8;0.0;0.0;
nanbield-2023-08-no-ff-with-reg-cpu-pressure-1K-no-swap-3-fetch;0.0;0.0;0.0;
nanbield-2023-08-no-ff-with-reg-cpu-pressure-1K-no-swap-3-fetch;1384.8;0.0;0.0;
nanbield-2023-08-no-ff-with-reg-cpu-pressure-1K-no-swap-3-fetch;996.9;0.0;0.0;
nanbield-2023-08-no-ff-with-reg-cpu-pressure-1K-no-swap-3-fetch;1253.5;7219.3;0.0;
nanbield-2023-08-no-ff-with-reg-cpu-pressure-1K-no-swap-3-fetch;713.7;0.0;0.0;
nanbield-2023-08-no-ff-with-reg-cpu-pressure-1K-no-swap-3-fetch;1163.2;0.0;0.0;
nanbield-2023-08-no-ff-with-reg-cpu-pressure-1K-no-swap-3-fetch;788.9;0.0;0.0;
nanbield-2023-08-no-ff-with-reg-cpu-pressure-1K-no-swap-3-fetch;1119.1;0.0;0.0;
nanbield-2023-08-no-ff-with-reg-cpu-pressure-1K-no-swap-3-fetch;917.4;0.0;0.0;
nanbield-2023-08-no-ff-with-reg-cpu-pressure-1K-no-swap-3-fetch;3848.8;42414.4;0.0;
nanbield-2023-08-no-ff-with-reg-cpu-pressure-1K-no-swap-3-fetch;995.2;0.0;0.0;
nanbield-2023-08-no-ff-with-reg-cpu-pressure-1K-no-swap-3-fetch;1360.3;0.0;0.0;
nanbield-2023-08-no-ff-with-reg-cpu-pressure-1K-no-swap-3-fetch;0.0;0.0;0.0;
nanbield-2023-08-no-ff-with-reg-cpu-pressure-1K-no-swap-3-fetch;1748.9;0.0;0.0;
nanbield-2023-08-no-ff-with-reg-cpu-pressure-1K-no-swap-3-fetch;982.9;0.0;0.0;
nanbield-2023-08-no-ff-with-reg-cpu-pressure-1K-no-swap-3-fetch;8241.6;54009.3;0.0;
nanbield-2023-08-no-ff-with-reg-cpu-pressure-1K-no-swap-3-fetch;710.6;0.0;0.0;
nanbield-2023-08-no-ff-with-reg-cpu-pressure-1K-no-swap-3-fetch;1733.2;0.0;0.0;
nanbield-2023-08-no-ff-with-reg-cpu-pressure-1K-no-swap-3-fetch;0.0;0.0;0.0;
nanbield-2023-08-no-ff-with-reg-cpu-pressure-1K-no-swap-3-fetch;1066.4;0.0;0.0;
nanbield-2023-08-no-ff-with-reg-cpu-pressure-1K-no-swap-3-fetch;920.9;0.0;0.0;
nanbield-2023-08-no-ff-with-reg-cpu-pressure-1K-no-swap-3-fetch;2408.2;0.0;0.0;
nanbield-2023-08-no-ff-with-reg-cpu-pressure-1K-no-swap-3-fetch;755.9;0.0;0.0;
nanbield-2023-08-no-ff-with-reg-cpu-pressure-1K-no-swap-3-fetch;1702.5;0.0;0.0;
nanbield-2023-08-no-ff-with-reg-cpu-pressure-1K-no-swap-3-fetch;763.8;57166.9;0.0;
nanbield-2023-08-no-ff-with-reg-cpu-pressure-1K-no-swap-3-fetch;2024.1;40733.7;0.0;
nanbield-2023-08-no-ff-with-reg-cpu-pressure-1K-no-swap-3-fetch;0.0;0.0;0.0;
nanbield-2023-08-no-ff-with-reg-cpu-pressure-1K-no-swap-3-fetch;1961.0;0.0;0.0;
nanbield-2023-08-no-ff-with-reg-cpu-pressure-1K-no-swap-3-fetch;968.8;13223.1;0.0;
nanbield-2023-08-no-ff-with-reg-cpu-pressure-1K-no-swap-3-fetch;1092.5;9961.9;0.0;
nanbield-2023-08-no-ff-with-reg-cpu-pressure-1K-no-swap-3-fetch;323.0;0.0;0.0;
nanbield-2023-08-no-ff-with-reg-cpu-pressure-1K-no-swap-3-fetch;1571.5;29490.5;0.0;
nanbield-2023-08-no-ff-with-reg-cpu-pressure-1K-no-swap-3-fetch;58.1;0.0;0.0;
nanbield-2023-08-no-ff-with-reg-cpu-pressure-1K-no-swap-3-fetch;1428.3;3573.2;0.0;
nanbield-2023-08-no-ff-with-reg-cpu-pressure-1K-no-swap-3-fetch;993.6;6596.4;0.0;
nanbield-2023-08-no-ff-with-reg-cpu-pressure-1K-no-swap-3-fetch;1362.1;8401.9;0.0;
nanbield-2023-08-no-ff-with-reg-cpu-pressure-1K-no-swap-3-fetch;996.7;133077.8;0.0;
nanbield-2023-08-no-ff-with-reg-cpu-pressure-1K-no-swap-3-fetch;1116.9;30925.7;0.0;
nanbield-2023-08-no-ff-with-reg-cpu-pressure-1K-no-swap-3-fetch;863.2;0.0;0.0;
nanbield-2023-08-no-ff-with-reg-cpu-pressure-1K-no-swap-3-fetch;1989.3;4723.9;0.0;
nanbield-2023-08-no-ff-with-reg-cpu-pressure-1K-no-swap-3-fetch;517.4;0.0;0.0;
nanbield-2023-08-no-ff-with-reg-cpu-pressure-1K-no-swap-3-fetch;1322.9;1695.4;0.0;
nanbield-2023-08-no-ff-with-reg-cpu-pressure-1K-no-swap-3-fetch;0.0;0.0;0.0;
nanbield-2023-08-no-ff-with-reg-cpu-pressure-1K-no-swap-3-fetch;2083.0;69.9;0.0;
nanbield-2023-08-no-ff-with-reg-cpu-pressure-1K-no-swap-3-fetch;0.0;0.0;0.0;
nanbield-2023-08-no-ff-with-reg-cpu-pressure-1K-no-swap-3-fetch;1560.9;4776.2;0.0;
nanbield-2023-08-no-ff-with-reg-cpu-pressure-1K-no-swap-3-fetch;975.0;0.0;0.0;
nanbield-2023-08-no-ff-with-reg-cpu-pressure-1K-no-swap-3-fetch;1527.6;1248.8;0.0;
nanbield-2023-08-no-ff-with-reg-cpu-pressure-1K-no-swap-3-fetch;0.0;0.0;0.0;
nanbield-2023-08-no-ff-with-reg-cpu-pressure-1K-no-swap-3-fetch;1862.5;490.8;0.0;
nanbield-2023-08-no-ff-with-reg-cpu-pressure-1K-no-swap-3-fetch;982.8;0.0;0.0;
nanbield-2023-08-no-ff-with-reg-cpu-pressure-1K-no-swap-3-fetch;1845.3;4376.8;0.0;
nanbield-2023-08-no-ff-with-reg-cpu-pressure-1K-no-swap-3-fetch;991.7;69507.3;0.0;
nanbield-2023-08-no-ff-with-reg-cpu-pressure-1K-no-swap-3-fetch;1575.3;7745.0;0.0;
nanbield-2023-08-no-ff-with-reg-cpu-pressure-1K-no-swap-3-fetch;480.2;0.0;0.0;
nanbield-2023-08-no-ff-with-reg-cpu-pressure-1K-no-swap-3-fetch;2888.2;10410.1;0.0;
nanbield-2023-08-no-ff-with-reg-cpu-pressure-1K-no-swap-3-fetch;0.0;0.0;0.0;
nanbield-2023-08-no-ff-with-reg-cpu-pressure-1K-no-swap-3-fetch;1978.7;1234.7;0.0;
nanbield-2023-08-no-ff-with-reg-cpu-pressure-1K-no-swap-3-fetch;0.0;0.0;0.0;
nanbield-2023-08-no-ff-with-reg-cpu-pressure-1K-no-swap-3-fetch;1860.6;25235.6;0.0;
nanbield-2023-08-no-ff-with-reg-cpu-pressure-1K-no-swap-3-fetch;0.0;0.0;0.0;
nanbield-2023-08-no-ff-with-reg-cpu-pressure-1K-no-swap-3-fetch;1725.3;2311.6;0.0;
nanbield-2023-08-no-ff-with-reg-cpu-pressure-1K-no-swap-3-fetch;996.8;35674.1;0.0;
nanbield-2023-08-no-ff-with-reg-cpu-pressure-1K-no-swap-3-fetch;2031.9;18327.3;0.0;
nanbield-2023-08-no-ff-with-reg-cpu-pressure-1K-no-swap-3-fetch;992.7;0.0;0.0;
nanbield-2023-08-no-ff-with-reg-cpu-pressure-1K-no-swap-3-fetch;1436.6;1547.3;0.0;
nanbield-2023-08-no-ff-with-reg-cpu-pressure-1K-no-swap-3-fetch;954.2;0.0;0.0;
nanbield-2023-08-no-ff-with-reg-cpu-pressure-1K-no-swap-3-fetch;1616.5;7317.4;0.0;
nanbield-2023-08-no-ff-with-reg-cpu-pressure-1K-no-swap-3-fetch;998.2;0.0;0.0;
nanbield-2023-08-no-ff-with-reg-cpu-pressure-1K-no-swap-3-fetch;1846.4;8707.8;0.0;
nanbield-2023-08-no-ff-with-reg-cpu-pressure-1K-no-swap-3-fetch;998.5;0.0;0.0;
nanbield-2023-08-no-ff-with-reg-cpu-pressure-1K-no-swap-3-fetch;1640.0;12084.0;0.0;
nanbield-2023-08-no-ff-with-reg-cpu-pressure-1K-no-swap-3-fetch;900.6;0.0;0.0;
nanbield-2023-08-no-ff-with-reg-cpu-pressure-1K-no-swap-3-fetch;1645.2;0.0;0.0;
nanbield-2023-08-no-ff-with-reg-cpu-pressure-1K-no-swap-3-fetch;0.0;0.0;0.0;
nanbield-2023-08-no-ff-with-reg-cpu-pressure-1K-no-swap-3-fetch;13502.1;28831.6;0.0;
nanbield-2023-08-no-ff-with-reg-cpu-pressure-1K-no-swap-3-fetch;999.7;393.6;0.0;
nanbield-2023-08-no-ff-with-reg-cpu-pressure-1K-no-swap-3-fetch;1247.9;8453.6;0.0;
nanbield-2023-08-no-ff-with-reg-cpu-pressure-1K-no-swap-3-fetch;0.0;0.0;0.0;
nanbield-2023-08-no-ff-with-reg-cpu-pressure-1K-no-swap-3-fetch;1997.3;0.0;0.0;
nanbield-2023-08-no-ff-with-reg-cpu-pressure-1K-no-swap-3-fetch;0.0;0.0;0.0;
nanbield-2023-08-no-ff-with-reg-cpu-pressure-1K-no-swap-3-fetch;1402.0;0.0;0.0;
nanbield-2023-08-no-ff-with-reg-cpu-pressure-1K-no-swap-3-fetch;0.0;0.0;0.0;
nanbield-2023-08-no-ff-with-reg-cpu-pressure-1K-no-swap-3-fetch;2069.5;0.0;0.0;
nanbield-2023-08-no-ff-with-reg-cpu-pressure-1K-no-swap-3-fetch;931.6;0.0;0.0;
nanbield-2023-08-no-ff-with-reg-cpu-pressure-1K-no-swap-3-fetch;2055.3;7928.1;0.0;
nanbield-2023-08-no-ff-with-reg-cpu-pressure-1K-no-swap-3-fetch;655.6;0.0;0.0;
nanbield-2023-08-no-ff-with-reg-cpu-pressure-1K-no-swap-3-fetch;1786.0;0.0;0.0;
nanbield-2023-08-no-ff-with-reg-cpu-pressure-1K-no-swap-3-fetch;0.0;0.0;0.0;
nanbield-2023-08-no-ff-with-reg-cpu-pressure-1K-no-swap-3-fetch;1692.0;0.0;0.0;
nanbield-2023-08-no-ff-with-reg-cpu-pressure-1K-no-swap-3-fetch;701.4;0.0;0.0;
nanbield-2023-08-no-ff-with-reg-cpu-pressure-1K-no-swap-3-fetch;2176.0;0.0;0.0;
nanbield-2023-08-no-ff-with-reg-cpu-pressure-1K-no-swap-3-fetch;858.2;0.0;0.0;
nanbield-2023-08-no-ff-with-reg-cpu-pressure-1K-no-swap-3-fetch;1365.1;0.0;0.0;
nanbield-2023-08-no-ff-with-reg-cpu-pressure-1K-no-swap-3-fetch;0.0;0.0;0.0;
nanbield-2023-08-no-ff-with-reg-cpu-pressure-1K-no-swap-3-fetch;1451.8;0.0;0.0;
nanbield-2023-08-no-ff-with-reg-cpu-pressure-1K-no-swap-3-fetch;0.0;0.0;0.0;
nanbield-2023-08-no-ff-with-reg-cpu-pressure-1K-no-swap-3-fetch;1775.5;6.5;0.0;
nanbield-2023-08-no-ff-with-reg-cpu-pressure-1K-no-swap-3-fetch;889.3;0.0;0.0;
nanbield-2023-08-no-ff-with-reg-cpu-pressure-1K-no-swap-3-fetch;1533.4;131.7;0.0;
nanbield-2023-08-no-ff-with-reg-cpu-pressure-1K-no-swap-3-fetch;920.8;5247.7;0.0;
nanbield-2023-08-no-ff-with-reg-cpu-pressure-1K-no-swap-3-fetch;1166.1;15055.2;0.0;
nanbield-2023-08-no-ff-with-reg-cpu-pressure-1K-no-swap-3-fetch;979.3;0.0;0.0;
nanbield-2023-08-no-ff-with-reg-cpu-pressure-1K-no-swap-3-fetch;1513.2;0.0;0.0;
nanbield-2023-08-no-ff-with-reg-cpu-pressure-1K-no-swap-3-fetch;791.7;0.0;0.0;
nanbield-2023-08-no-ff-with-reg-cpu-pressure-1K-no-swap-3-fetch;1434.3;202.1;0.0;
nanbield-2023-08-no-ff-with-reg-cpu-pressure-1K-no-swap-3-fetch;932.5;0.0;0.0;
nanbield-2023-08-no-ff-with-reg-cpu-pressure-1K-no-swap-3-fetch;1674.5;0.0;0.0;
nanbield-2023-08-no-ff-with-reg-cpu-pressure-1K-no-swap-3-fetch;950.1;0.0;0.0;
nanbield-2023-08-no-ff-with-reg-cpu-pressure-1K-no-swap-3-fetch;1428.7;11493.9;0.0;
nanbield-2023-08-no-ff-with-reg-cpu-pressure-1K-no-swap-3-fetch;869.8;0.0;0.0;
nanbield-2023-08-no-ff-with-reg-cpu-pressure-1K-no-swap-3-fetch;2000.0;22577.4;0.0;
nanbield-2023-08-no-ff-with-reg-cpu-pressure-1K-no-swap-3-fetch;999.9;0.0;0.0;
nanbield-2023-08-no-ff-with-reg-cpu-pressure-1K-no-swap-3-fetch;1576.6;458.8;0.0;
nanbield-2023-08-no-ff-with-reg-cpu-pressure-1K-no-swap-3-fetch;0.0;0.0;0.0;
nanbield-2023-08-no-ff-with-reg-cpu-pressure-1K-no-swap-3-fetch;1899.0;3267.0;0.0;
nanbield-2023-08-no-ff-with-reg-cpu-pressure-1K-no-swap-3-fetch;952.8;0.0;0.0;
nanbield-2023-08-no-ff-with-reg-cpu-pressure-1K-no-swap-3-fetch;3922.9;37231.7;0.0;
nanbield-2023-08-no-ff-with-reg-cpu-pressure-1K-no-swap-3-fetch;928.5;0.0;0.0;
nanbield-2023-08-no-ff-with-reg-cpu-pressure-1K-no-swap-3-fetch;1444.1;11536.3;0.0;
nanbield-2023-08-no-ff-with-reg-cpu-pressure-1K-no-swap-3-fetch;954.0;0.0;0.0;
nanbield-2023-08-no-ff-with-reg-cpu-pressure-1K-no-swap-3-fetch;1859.4;17144.4;0.0;
nanbield-2023-08-no-ff-with-reg-cpu-pressure-1K-no-swap-3-fetch;794.8;0.0;0.0;
nanbield-2023-08-no-ff-with-reg-cpu-pressure-1K-no-swap-3-fetch;1440.5;6517.3;0.0;
nanbield-2023-08-no-ff-with-reg-cpu-pressure-1K-no-swap-3-fetch;974.5;0.0;0.0;
nanbield-2023-08-no-ff-with-reg-cpu-pressure-1K-no-swap-3-fetch;1372.3;378.3;0.0;
nanbield-2023-08-no-ff-with-reg-cpu-pressure-1K-no-swap-3-fetch;889.6;0.0;0.0;
nanbield-2023-08-no-ff-with-reg-cpu-pressure-1K-no-swap-3-fetch;1522.1;8376.1;0.0;
nanbield-2023-08-no-ff-with-reg-cpu-pressure-1K-no-swap-3-fetch;0.0;0.0;0.0;
nanbield-2023-08-no-ff-with-reg-cpu-pressure-1K-no-swap-3-fetch;1563.2;0.0;0.0;
nanbield-2023-08-no-ff-with-reg-cpu-pressure-1K-no-swap-3-fetch;910.4;0.0;0.0;
nanbield-2023-08-no-ff-with-reg-cpu-pressure-1K-no-swap-3-fetch;1289.2;5166.4;0.0;
nanbield-2023-08-no-ff-with-reg-cpu-pressure-1K-no-swap-3-fetch;0.0;0.0;0.0;
nanbield-2023-08-no-ff-with-reg-cpu-pressure-1K-no-swap-3-fetch;1638.2;0.0;0.0;
nanbield-2023-08-no-ff-with-reg-cpu-pressure-1K-no-swap-3-fetch;996.3;0.0;0.0;
nanbield-2023-08-no-ff-with-reg-cpu-pressure-1K-no-swap-3-fetch;1588.6;0.0;0.0;
nanbield-2023-08-no-ff-with-reg-cpu-pressure-1K-no-swap-3-fetch;944.4;0.0;0.0;
nanbield-2023-08-no-ff-with-reg-cpu-pressure-1K-no-swap-3-fetch;1909.0;18722.9;0.0;
nanbield-2023-08-no-ff-with-reg-cpu-pressure-1K-no-swap-3-fetch;997.9;0.0;0.0;
nanbield-2023-08-no-ff-with-reg-cpu-pressure-1K-no-swap-3-fetch;1799.3;6754.8;0.0;
nanbield-2023-08-no-ff-with-reg-cpu-pressure-1K-no-swap-3-fetch;0.0;0.0;0.0;
nanbield-2023-08-no-ff-with-reg-cpu-pressure-1K-no-swap-3-fetch;1559.9;2813.8;0.0;
nanbield-2023-08-no-ff-with-reg-cpu-pressure-1K-no-swap-3-fetch;0.0;0.0;0.0;
nanbield-2023-08-no-ff-with-reg-cpu-pressure-1K-no-swap-3-fetch;1409.8;0.0;0.0;
nanbield-2023-08-no-ff-with-reg-cpu-pressure-1K-no-swap-3-fetch;567.8;0.0;0.0;
nanbield-2023-08-no-ff-with-reg-cpu-pressure-1K-no-swap-3-fetch;1443.7;0.0;0.0;
nanbield-2023-08-no-ff-with-reg-cpu-pressure-1K-no-swap-3-fetch;994.4;0.0;0.0;
nanbield-2023-08-no-ff-with-reg-cpu-pressure-1K-no-swap-3-fetch;1437.1;106004.9;0.0;
nanbield-2023-08-no-ff-with-reg-cpu-pressure-1K-no-swap-3-fetch;976.9;0.0;0.0;
nanbield-2023-08-no-ff-with-reg-cpu-pressure-1K-no-swap-3-fetch;2838.6;0.0;0.0;
nanbield-2023-08-no-ff-with-reg-cpu-pressure-1K-no-swap-3-fetch;726.4;0.0;0.0;
nanbield-2023-08-no-ff-with-reg-cpu-pressure-1K-no-swap-3-fetch;1695.3;7174.9;0.0;
nanbield-2023-08-no-ff-with-reg-cpu-pressure-1K-no-swap-3-fetch;0.0;0.0;0.0;
nanbield-2023-08-no-ff-with-reg-cpu-pressure-1K-no-swap-3-fetch;2101.6;0.0;0.0;
nanbield-2023-08-no-ff-with-reg-cpu-pressure-1K-no-swap-3-fetch;0.0;0.0;0.0;
nanbield-2023-08-no-ff-with-reg-cpu-pressure-1K-no-swap-3-fetch;1757.0;0.0;0.0;
nanbield-2023-08-no-ff-with-reg-cpu-pressure-1K-no-swap-3-fetch;862.5;0.0;0.0;
nanbield-2023-08-no-ff-with-reg-cpu-pressure-1K-no-swap-3-fetch;1431.6;15520.6;0.0;
nanbield-2023-08-no-ff-with-reg-cpu-pressure-1K-no-swap-3-fetch;519.2;0.0;0.0;
nanbield-2023-08-no-ff-with-reg-cpu-pressure-1K-no-swap-3-fetch;1682.4;2741.0;0.0;
nanbield-2023-08-no-ff-with-reg-cpu-pressure-1K-no-swap-3-fetch;909.8;0.0;0.0;
nanbield-2023-08-no-ff-with-reg-cpu-pressure-1K-no-swap-3-fetch;4853.6;99.6;0.0;
nanbield-2023-08-no-ff-with-reg-cpu-pressure-1K-no-swap-3-fetch;776.2;0.0;0.0;
nanbield-2023-08-no-ff-with-reg-cpu-pressure-1K-no-swap-3-fetch;1907.5;1787.1;0.0;
nanbield-2023-08-no-ff-with-reg-cpu-pressure-1K-no-swap-3-fetch;797.6;0.0;0.0;
nanbield-2023-08-no-ff-with-reg-cpu-pressure-1K-no-swap-3-fetch;2445.0;55536.4;0.0;
nanbield-2023-08-no-ff-with-reg-cpu-pressure-1K-no-swap-3-fetch;0.0;0.0;0.0;
nanbield-2023-08-no-ff-with-reg-cpu-pressure-1K-no-swap-3-fetch;1422.8;0.0;0.0;
nanbield-2023-08-no-ff-with-reg-cpu-pressure-1K-no-swap-3-fetch;999.4;9800.6;0.0;
nanbield-2023-08-no-ff-with-reg-cpu-pressure-1K-no-swap-3-fetch;1505.9;13391.7;0.0;
nanbield-2023-08-no-ff-with-reg-cpu-pressure-1K-no-swap-3-fetch;962.7;0.0;0.0;
nanbield-2023-08-no-ff-with-reg-cpu-pressure-1K-no-swap-3-fetch;3335.4;642.0;0.0;
nanbield-2023-08-no-ff-with-reg-cpu-pressure-1K-no-swap-3-fetch;955.9;0.0;0.0;
nanbield-2023-08-no-ff-with-reg-cpu-pressure-1K-no-swap-3-fetch;1459.1;1188.1;0.0;
nanbield-2023-08-no-ff-with-reg-cpu-pressure-1K-no-swap-3-fetch;934.6;0.0;0.0;
nanbield-2023-08-no-ff-with-reg-cpu-pressure-1K-no-swap-3-fetch;1523.3;0.0;0.0;
nanbield-2023-08-no-ff-with-reg-cpu-pressure-1K-no-swap-3-fetch;0.0;0.0;0.0;
nanbield-2023-08-no-ff-with-reg-cpu-pressure-1K-no-swap-3-fetch;1806.7;0.0;0.0;
nanbield-2023-08-no-ff-with-reg-cpu-pressure-1K-no-swap-3-fetch;863.7;0.0;0.0;
nanbield-2023-08-no-ff-with-reg-cpu-pressure-1K-no-swap-3-fetch;1076.0;0.0;0.0;
nanbield-2023-08-no-ff-with-reg-cpu-pressure-1K-no-swap-3-fetch;981.2;0.0;0.0;
nanbield-2023-08-no-ff-with-reg-cpu-pressure-1K-no-swap-3-fetch;1427.1;10126.4;0.0;
nanbield-2023-08-no-ff-with-reg-cpu-pressure-1K-no-swap-3-fetch;881.2;0.0;0.0;
nanbield-2023-08-no-ff-with-reg-cpu-pressure-1K-no-swap-3-fetch;4114.4;0.0;0.0;
nanbield-2023-08-no-ff-with-reg-cpu-pressure-1K-no-swap-3-fetch;0.0;0.0;0.0;
nanbield-2023-08-no-ff-with-reg-cpu-pressure-1K-no-swap-3-fetch;1493.8;0.0;0.0;
nanbield-2023-08-no-ff-with-reg-cpu-pressure-1K-no-swap-3-fetch;794.4;0.0;0.0;
nanbield-2023-08-no-ff-with-reg-cpu-pressure-1K-no-swap-3-fetch;1502.4;253.2;0.0;
nanbield-2023-08-no-ff-with-reg-cpu-pressure-1K-no-swap-3-fetch;943.2;0.0;0.0;
nanbield-2023-08-no-ff-with-reg-cpu-pressure-1K-no-swap-3-fetch;2140.3;0.0;0.0;
nanbield-2023-08-no-ff-with-reg-cpu-pressure-1K-no-swap-3-fetch;904.3;0.0;0.0;
nanbield-2023-08-no-ff-with-reg-cpu-pressure-1K-no-swap-3-fetch;1844.6;0.0;0.0;
nanbield-2023-08-no-ff-with-reg-cpu-pressure-1K-no-swap-3-fetch;848.2;0.0;0.0;
nanbield-2023-08-no-ff-with-reg-cpu-pressure-1K-no-swap-3-fetch;2174.0;0.0;0.0;
nanbield-2023-08-no-ff-with-reg-cpu-pressure-1K-no-swap-3-fetch;909.2;0.0;0.0;
nanbield-2023-08-no-ff-with-reg-cpu-pressure-1K-no-swap-3-fetch;2331.6;0.0;0.0;
nanbield-2023-08-no-ff-with-reg-cpu-pressure-1K-no-swap-3-fetch;892.0;0.0;0.0;
nanbield-2023-08-no-ff-with-reg-cpu-pressure-1K-no-swap-3-fetch;1525.6;0.0;0.0;
nanbield-2023-08-no-ff-with-reg-cpu-pressure-1K-no-swap-3-fetch;883.6;0.0;0.0;
nanbield-2023-08-no-ff-with-reg-cpu-pressure-1K-no-swap-3-fetch;1739.3;5823.0;0.0;
nanbield-2023-08-no-ff-with-reg-cpu-pressure-1K-no-swap-3-fetch;893.2;0.0;0.0;
nanbield-2023-08-no-ff-with-reg-cpu-pressure-1K-no-swap-3-fetch;1001.4;0.0;0.0;
nanbield-2023-08-no-ff-with-reg-cpu-pressure-1K-no-swap-3-fetch;0.0;0.0;0.0;
nanbield-2023-08-no-ff-with-reg-cpu-pressure-1K-no-swap-3-fetch;1554.5;0.0;0.0;
nanbield-2023-08-no-ff-with-reg-cpu-pressure-1K-no-swap-3-fetch;0.0;0.0;0.0;
nanbield-2023-08-no-ff-with-reg-cpu-pressure-1K-no-swap-3-fetch;2328.5;0.0;0.0;
nanbield-2023-08-no-ff-with-reg-cpu-pressure-1K-no-swap-3-fetch;0.0;0.0;0.0;
nanbield-2023-08-no-ff-with-reg-cpu-pressure-1K-no-swap-3-fetch;2561.2;10290.1;0.0;
nanbield-2023-08-no-ff-with-reg-cpu-pressure-1K-no-swap-3-fetch;874.9;0.0;0.0;
nanbield-2023-08-no-ff-with-reg-cpu-pressure-1K-no-swap-3-fetch;1590.5;0.0;0.0;
nanbield-2023-08-no-ff-with-reg-cpu-pressure-1K-no-swap-3-fetch;0.0;0.0;0.0;
nanbield-2023-08-no-ff-with-reg-cpu-pressure-1K-no-swap-3-fetch;2121.8;37410.8;0.0;
nanbield-2023-08-no-ff-with-reg-cpu-pressure-1K-no-swap-3-fetch;994.3;0.0;0.0;
nanbield-2023-08-no-ff-with-reg-cpu-pressure-1K-no-swap-3-fetch;4322.6;0.0;0.0;
nanbield-2023-08-no-ff-with-reg-cpu-pressure-1K-no-swap-3-fetch;989.8;0.0;0.0;
nanbield-2023-08-no-ff-with-reg-cpu-pressure-1K-no-swap-3-fetch;10423.8;0.0;0.0;
nanbield-2023-08-no-ff-with-reg-cpu-pressure-1K-no-swap-3-fetch;997.3;0.0;0.0;
nanbield-2023-08-no-ff-with-reg-cpu-pressure-1K-no-swap-3-fetch;3521.4;17493.3;0.0;
nanbield-2023-08-no-ff-with-reg-cpu-pressure-1K-no-swap-3-fetch;615.9;0.0;0.0;
nanbield-2023-08-no-ff-with-reg-cpu-pressure-1K-no-swap-3-fetch;1772.6;12311.5;0.0;
nanbield-2023-08-no-ff-with-reg-cpu-pressure-1K-no-swap-3-fetch;827.0;0.0;0.0;
nanbield-2023-08-no-ff-with-reg-cpu-pressure-1K-no-swap-3-fetch;4631.6;8158.6;0.0;
nanbield-2023-08-no-ff-with-reg-cpu-pressure-1K-no-swap-3-fetch;902.3;0.0;0.0;
nanbield-2023-08-no-ff-with-reg-cpu-pressure-1K-no-swap-3-fetch;1518.6;288.3;0.0;
nanbield-2023-08-no-ff-with-reg-cpu-pressure-1K-no-swap-3-fetch;983.5;0.0;0.0;
nanbield-2023-08-no-ff-with-reg-cpu-pressure-1K-no-swap-3-fetch;1722.7;115.0;0.0;
nanbield-2023-08-no-ff-with-reg-cpu-pressure-1K-no-swap-3-fetch;0.0;0.0;0.0;
nanbield-2023-08-no-ff-with-reg-cpu-pressure-1K-no-swap-3-fetch;2017.3;5657.1;0.0;
nanbield-2023-08-no-ff-with-reg-cpu-pressure-1K-no-swap-3-fetch;0.0;0.0;0.0;
nanbield-2023-08-no-ff-with-reg-cpu-pressure-1K-no-swap-3-fetch;3726.7;8385.2;0.0;
nanbield-2023-08-no-ff-with-reg-cpu-pressure-1K-no-swap-3-fetch;0.0;0.0;0.0;
nanbield-2023-08-no-ff-with-reg-cpu-pressure-1K-no-swap-3-fetch;1226.0;11829.2;0.0;
nanbield-2023-08-no-ff-with-reg-cpu-pressure-1K-no-swap-3-fetch;921.0;0.0;0.0;
nanbield-2023-08-no-ff-with-reg-cpu-pressure-1K-no-swap-3-fetch;1179.1;0.0;0.0;
nanbield-2023-08-no-ff-with-reg-cpu-pressure-1K-no-swap-3-fetch;967.0;0.0;0.0;
nanbield-2023-08-no-ff-with-reg-cpu-pressure-1K-no-swap-3-fetch;1130.5;0.0;0.0;
nanbield-2023-08-no-ff-with-reg-cpu-pressure-1K-no-swap-3-fetch;961.5;0.0;0.0;
nanbield-2023-08-no-ff-with-reg-cpu-pressure-1K-no-swap-3-fetch;1714.4;0.0;0.0;
nanbield-2023-08-no-ff-with-reg-cpu-pressure-1K-no-swap-3-fetch;0.0;0.0;0.0;
nanbield-2023-08-no-ff-with-reg-cpu-pressure-1K-no-swap-3-fetch;1812.5;0.0;0.0;
nanbield-2023-08-no-ff-with-reg-cpu-pressure-1K-no-swap-3-fetch;796.1;0.0;0.0;
nanbield-2023-08-no-ff-with-reg-cpu-pressure-1K-no-swap-3-fetch;1523.0;12933.8;0.0;
nanbield-2023-08-no-ff-with-reg-cpu-pressure-1K-no-swap-3-fetch;716.3;0.0;0.0;
nanbield-2023-08-no-ff-with-reg-cpu-pressure-1K-no-swap-3-fetch;1719.1;14884.0;0.0;
nanbield-2023-08-no-ff-with-reg-cpu-pressure-1K-no-swap-3-fetch;331.9;0.0;0.0;
nanbield-2023-08-no-ff-with-reg-cpu-pressure-1K-no-swap-3-fetch;1989.5;339.5;0.0;
nanbield-2023-08-no-ff-with-reg-cpu-pressure-1K-no-swap-3-fetch;522.7;0.0;0.0;
nanbield-2023-08-no-ff-with-reg-cpu-pressure-1K-no-swap-3-fetch;1391.9;0.0;0.0;
nanbield-2023-08-no-ff-with-reg-cpu-pressure-1K-no-swap-3-fetch;969.8;0.0;0.0;
nanbield-2023-08-no-ff-with-reg-cpu-pressure-1K-no-swap-3-fetch;1084.8;0.0;0.0;
nanbield-2023-08-no-ff-with-reg-cpu-pressure-1K-no-swap-3-fetch;941.4;0.0;0.0;
nanbield-2023-08-no-ff-with-reg-cpu-pressure-1K-no-swap-3-fetch;1804.5;6581.2;0.0;
nanbield-2023-08-no-ff-with-reg-cpu-pressure-1K-no-swap-3-fetch;998.3;1795.2;0.0;
nanbield-2023-08-no-ff-with-reg-cpu-pressure-1K-no-swap-3-fetch;1026.6;1235.4;0.0;
nanbield-2023-08-no-ff-with-reg-cpu-pressure-1K-no-swap-3-fetch;645.1;0.0;0.0;
nanbield-2023-08-no-ff-with-reg-cpu-pressure-1K-no-swap-3-fetch;1054.6;6679.4;0.0;
nanbield-2023-08-no-ff-with-reg-cpu-pressure-1K-no-swap-3-fetch;954.4;5351.3;0.0;
nanbield-2023-08-no-ff-with-reg-cpu-pressure-1K-no-swap-3-fetch;1808.8;2542.4;0.0;
nanbield-2023-08-no-ff-with-reg-cpu-pressure-1K-no-swap-3-fetch;555.7;0.0;0.0;
nanbield-2023-08-no-ff-with-reg-cpu-pressure-1K-no-swap-3-fetch;1092.4;0.0;0.0;
nanbield-2023-08-no-ff-with-reg-cpu-pressure-1K-no-swap-3-fetch;514.8;0.0;0.0;
nanbield-2023-08-no-ff-with-reg-cpu-pressure-1K-no-swap-3-fetch;1285.5;0.0;0.0;
nanbield-2023-08-no-ff-with-reg-cpu-pressure-1K-no-swap-3-fetch;665.0;0.0;0.0;
nanbield-2023-08-no-ff-with-reg-cpu-pressure-1K-no-swap-3-fetch;1065.5;801.4;0.0;
nanbield-2023-08-no-ff-with-reg-cpu-pressure-1K-no-swap-3-fetch;996.8;0.0;0.0;
nanbield-2023-08-no-ff-with-reg-cpu-pressure-1K-no-swap-3-fetch;1485.7;12116.1;0.0;
nanbield-2023-08-no-ff-with-reg-cpu-pressure-1K-no-swap-3-fetch;0.0;0.0;0.0;
nanbield-2023-08-no-ff-with-reg-cpu-pressure-1K-no-swap-3-fetch;1428.7;0.0;0.0;
nanbield-2023-08-no-ff-with-reg-cpu-pressure-1K-no-swap-3-fetch;777.0;0.0;0.0;
nanbield-2023-08-no-ff-with-reg-cpu-pressure-1K-no-swap-3-fetch;1259.2;11151.0;0.0;
nanbield-2023-08-no-ff-with-reg-cpu-pressure-1K-no-swap-3-fetch;0.0;0.0;0.0;
nanbield-2023-08-no-ff-with-reg-cpu-pressure-1K-no-swap-3-fetch;1969.5;0.0;0.0;
nanbield-2023-08-no-ff-with-reg-cpu-pressure-1K-no-swap-3-fetch;939.1;0.0;0.0;
nanbield-2023-08-no-ff-with-reg-cpu-pressure-1K-no-swap-3-fetch;3586.6;16445.7;0.0;
nanbield-2023-08-no-ff-with-reg-cpu-pressure-1K-no-swap-3-fetch;783.9;0.0;0.0;
nanbield-2023-08-no-ff-with-reg-cpu-pressure-1K-no-swap-3-fetch;1875.4;9994.1;0.0;
nanbield-2023-08-no-ff-with-reg-cpu-pressure-1K-no-swap-3-fetch;940.5;0.0;0.0;
nanbield-2023-08-no-ff-with-reg-cpu-pressure-1K-no-swap-3-fetch;1683.3;16466.3;0.0;
nanbield-2023-08-no-ff-with-reg-cpu-pressure-1K-no-swap-3-fetch;0.0;0.0;0.0;
nanbield-2023-08-no-ff-with-reg-cpu-pressure-1K-no-swap-3-fetch;1613.6;0.0;0.0;
nanbield-2023-08-no-ff-with-reg-cpu-pressure-1K-no-swap-3-fetch;986.6;0.0;0.0;
nanbield-2023-08-no-ff-with-reg-cpu-pressure-1K-no-swap-3-fetch;3204.4;0.0;0.0;
nanbield-2023-08-no-ff-with-reg-cpu-pressure-1K-no-swap-3-fetch;860.1;0.0;0.0;
nanbield-2023-08-no-ff-with-reg-cpu-pressure-1K-no-swap-3-fetch;1160.8;0.0;0.0;
nanbield-2023-08-no-ff-with-reg-cpu-pressure-1K-no-swap-3-fetch;0.0;0.0;0.0;
nanbield-2023-08-no-ff-with-reg-cpu-pressure-1K-no-swap-3-fetch;1282.9;0.0;0.0;
nanbield-2023-08-no-ff-with-reg-cpu-pressure-1K-no-swap-3-fetch;0.0;0.0;0.0;
nanbield-2023-08-no-ff-with-reg-cpu-pressure-1K-no-swap-3-fetch;7358.0;33278.4;0.0;
nanbield-2023-08-no-ff-with-reg-cpu-pressure-1K-no-swap-3-fetch;0.0;0.0;0.0;
nanbield-2023-08-no-ff-with-reg-cpu-pressure-1K-no-swap-3-fetch;1512.4;0.0;0.0;
nanbield-2023-08-no-ff-with-reg-cpu-pressure-1K-no-swap-3-fetch;0.0;0.0;0.0;
nanbield-2023-08-no-ff-with-reg-cpu-pressure-1K-no-swap-3-fetch;2126.1;0.0;0.0;
nanbield-2023-08-no-ff-with-reg-cpu-pressure-1K-no-swap-3-fetch;612.2;0.0;0.0;
nanbield-2023-08-no-ff-with-reg-cpu-pressure-1K-no-swap-3-fetch;1718.3;16.6;0.0;
nanbield-2023-08-no-ff-with-reg-cpu-pressure-1K-no-swap-3-fetch;998.6;0.0;0.0;
nanbield-2023-08-no-ff-with-reg-cpu-pressure-1K-no-swap-3-fetch;1261.0;12933.5;0.0;
nanbield-2023-08-no-ff-with-reg-cpu-pressure-1K-no-swap-3-fetch;971.9;0.0;0.0;
nanbield-2023-08-no-ff-with-reg-cpu-pressure-1K-no-swap-3-fetch;1447.0;0.0;0.0;
nanbield-2023-08-no-ff-with-reg-cpu-pressure-1K-no-swap-3-fetch;0.0;0.0;0.0;
nanbield-2023-08-no-ff-with-reg-cpu-pressure-1K-no-swap-3-fetch;2387.8;0.0;0.0;
nanbield-2023-08-no-ff-with-reg-cpu-pressure-1K-no-swap-3-fetch;634.9;0.0;0.0;
nanbield-2023-08-no-ff-with-reg-cpu-pressure-1K-no-swap-3-fetch;1189.6;688.3;0.0;
nanbield-2023-08-no-ff-with-reg-cpu-pressure-1K-no-swap-3-fetch;975.9;0.0;0.0;
nanbield-2023-08-no-ff-with-reg-cpu-pressure-1K-no-swap-3-fetch;1664.5;0.0;0.0;
nanbield-2023-08-no-ff-with-reg-cpu-pressure-1K-no-swap-3-fetch;978.6;0.0;0.0;
nanbield-2023-08-no-ff-with-reg-cpu-pressure-1K-no-swap-3-fetch;2233.7;161.5;0.0;
nanbield-2023-08-no-ff-with-reg-cpu-pressure-1K-no-swap-3-fetch;950.5;0.0;0.0;
nanbield-2023-08-no-ff-with-reg-cpu-pressure-1K-no-swap-3-fetch;1189.0;4338.2;0.0;
nanbield-2023-08-no-ff-with-reg-cpu-pressure-1K-no-swap-3-fetch;0.0;0.0;0.0;
nanbield-2023-08-no-ff-with-reg-cpu-pressure-1K-no-swap-3-fetch;2351.4;0.0;0.0;
nanbield-2023-08-no-ff-with-reg-cpu-pressure-1K-no-swap-3-fetch;652.1;0.0;0.0;
nanbield-2023-08-no-ff-with-reg-cpu-pressure-1K-no-swap-3-fetch;1274.9;0.0;0.0;
nanbield-2023-08-no-ff-with-reg-cpu-pressure-1K-no-swap-3-fetch;985.0;0.0;0.0;
nanbield-2023-08-no-ff-with-reg-cpu-pressure-1K-no-swap-3-fetch;2042.3;0.0;0.0;
nanbield-2023-08-no-ff-with-reg-cpu-pressure-1K-no-swap-3-fetch;0.0;0.0;0.0;
nanbield-2023-08-no-ff-with-reg-cpu-pressure-1K-no-swap-3-fetch;1545.4;248.8;0.0;
nanbield-2023-08-no-ff-with-reg-cpu-pressure-1K-no-swap-3-fetch;0.0;0.0;0.0;
nanbield-2023-08-no-ff-with-reg-cpu-pressure-1K-no-swap-3-fetch;2187.7;0.0;0.0;
nanbield-2023-08-no-ff-with-reg-cpu-pressure-1K-no-swap-3-fetch;0.0;0.0;0.0;
nanbield-2023-08-no-ff-with-reg-cpu-pressure-1K-no-swap-3-fetch;1866.8;0.0;0.0;
nanbield-2023-08-no-ff-with-reg-cpu-pressure-1K-no-swap-3-fetch;775.8;0.0;0.0;
nanbield-2023-08-no-ff-with-reg-cpu-pressure-1K-no-swap-3-fetch;1311.8;0.0;0.0;
nanbield-2023-08-no-ff-with-reg-cpu-pressure-1K-no-swap-3-fetch;0.0;0.0;0.0;
nanbield-2023-08-no-ff-with-reg-cpu-pressure-1K-no-swap-3-fetch;1642.2;0.0;0.0;
nanbield-2023-08-no-ff-with-reg-cpu-pressure-1K-no-swap-3-fetch;576.6;0.0;0.0;
nanbield-2023-08-no-ff-with-reg-cpu-pressure-1K-no-swap-3-fetch;1553.4;9133.6;0.0;
nanbield-2023-08-no-ff-with-reg-cpu-pressure-1K-no-swap-3-fetch;976.6;0.0;0.0;
nanbield-2023-08-no-ff-with-reg-cpu-pressure-1K-no-swap-3-fetch;1346.7;0.0;0.0;
nanbield-2023-08-no-ff-with-reg-cpu-pressure-1K-no-swap-3-fetch;296.0;8722.7;0.0;
nanbield-2023-08-no-ff-with-reg-cpu-pressure-1K-no-swap-3-fetch;1140.1;1991.8;0.0;
nanbield-2023-08-no-ff-with-reg-cpu-pressure-1K-no-swap-3-fetch;995.5;1635.7;0.0;
nanbield-2023-08-no-ff-with-reg-cpu-pressure-1K-no-swap-3-fetch;1165.3;1111.2;0.0;
nanbield-2023-08-no-ff-with-reg-cpu-pressure-1K-no-swap-3-fetch;989.6;0.0;0.0;
nanbield-2023-08-no-ff-with-reg-cpu-pressure-1K-no-swap-3-fetch;1309.3;0.0;0.0;
nanbield-2023-08-no-ff-with-reg-cpu-pressure-1K-no-swap-3-fetch;951.6;0.0;0.0;
nanbield-2023-08-no-ff-with-reg-cpu-pressure-1K-no-swap-3-fetch;1234.3;0.0;0.0;
nanbield-2023-08-no-ff-with-reg-cpu-pressure-1K-no-swap-3-fetch;758.2;0.0;0.0;
nanbield-2023-08-no-ff-with-reg-cpu-pressure-1K-no-swap-3-fetch;1066.7;281.7;0.0;
nanbield-2023-08-no-ff-with-reg-cpu-pressure-1K-no-swap-3-fetch;0.0;0.0;0.0;
nanbield-2023-08-no-ff-with-reg-cpu-pressure-1K-no-swap-3-fetch;1465.7;9518.6;0.0;
